trade_id,window,day,signal_timestamp,signal_timestamp_seconds,entry_timestamp,entry_timestamp_seconds,exit_timestamp,exit_timestamp_seconds,direction,side,position,notional,entry_price,exit_price,prediction,gross_return,gross_pnl,entry_cost,exit_cost,transaction_cost,net_return,net_pnl
W3-D80-T00000,W3,80,02:59:58,10798,02:59:58,10798,03:04:58,11098,1,LONG,1.0,1.0,99.98518957345972,99.9686348077936,4.897926105779675e-06,-0.00016557217860702078,-0.00016557217860702078,0.0005,0.0005,0.001,-0.0011655721786070208,-0.0011655721786070208
W3-D80-T00001,W3,80,03:04:58,11098,03:04:58,11098,03:09:58,11398,1,LONG,1.0,1.0,99.9686348077936,99.93090113217482,4.897926105779675e-06,-0.0003774551457197406,-0.0003774551457197406,0.0005,0.0005,0.001,-0.0013774551457197406,-0.0013774551457197406
W3-D80-T00002,W3,80,03:09:58,11398,03:09:58,11398,03:14:58,11698,1,LONG,1.0,1.0,99.93090113217482,99.92677066877305,1.0314109504797121e-05,-4.1333194787385175e-05,-4.1333194787385175e-05,0.0005,0.0005,0.001,-0.0010413331947873852,-0.0010413331947873852
W3-D80-T00003,W3,80,03:14:58,11698,03:14:58,11698,03:19:58,11998,1,LONG,1.0,1.0,99.92677066877305,99.94404949973672,4.897926105779675e-06,0.00017291493408655434,0.00017291493408655434,0.0005,0.0005,0.001,-0.0008270850659134457,-0.0008270850659134457
W3-D80-T00004,W3,80,03:19:58,11998,03:19:58,11998,03:24:58,12298,1,LONG,1.0,1.0,99.94404949973672,99.97284755134282,1.0314109504797121e-05,0.0002881417328020053,0.0002881417328020053,0.0005,0.0005,0.001,-0.0007118582671979947,-0.0007118582671979947
W3-D80-T00005,W3,80,03:24:58,12298,03:24:58,12298,03:29:58,12598,1,LONG,1.0,1.0,99.97284755134282,99.94898630858349,4.897926105779675e-06,-0.00023867723430692767,-0.00023867723430692767,0.0005,0.0005,0.001,-0.0012386772343069277,-0.0012386772343069277
W3-D80-T00006,W3,80,03:29:58,12598,03:29:58,12598,03:34:58,12898,1,LONG,1.0,1.0,99.94898630858349,100.02412453923118,4.897926105779675e-06,0.0007517658099673863,0.0007517658099673863,0.0005,0.0005,0.001,-0.00024823419003261373,-0.00024823419003261373
W3-D80-T00007,W3,80,03:34:58,12898,03:34:58,12898,03:39:58,13198,1,LONG,1.0,1.0,100.02412453923118,100.072422985782,4.897926105779675e-06,0.0004828679758339671,0.0004828679758339671,0.0005,0.0005,0.001,-0.0005171320241660329,-0.0005171320241660329
W3-D80-T00008,W3,80,03:39:58,13198,03:39:58,13198,03:44:58,13498,1,LONG,1.0,1.0,100.072422985782,100.09050816219064,4.897926105779675e-06,0.0001807208806288152,0.0001807208806288152,0.0005,0.0005,0.001,-0.0008192791193711848,-0.0008192791193711848
W3-D80-T00009,W3,80,03:44:58,13498,03:44:58,13498,03:49:58,13798,1,LONG,1.0,1.0,100.09050816219064,100.10531858873092,4.897926105779675e-06,0.000147970340167225,0.000147970340167225,0.0005,0.0005,0.001,-0.000852029659832775,-0.000852029659832775
W3-D80-T00010,W3,80,03:49:58,13798,03:49:58,13798,03:54:58,14098,1,LONG,1.0,1.0,100.10531858873092,100.08228014744604,4.897926105779675e-06,-0.00023014203051019422,-0.00023014203051019422,0.0005,0.0005,0.001,-0.0012301420305101942,-0.0012301420305101942
W3-D80-T00011,W3,80,03:54:58,14098,03:54:58,14098,03:59:58,14398,1,LONG,1.0,1.0,100.08228014744604,100.0477224855187,4.897926105779675e-06,-0.00034529251208526013,-0.00034529251208526013,0.0005,0.0005,0.001,-0.0013452925120852601,-0.0013452925120852601
W3-D80-T00012,W3,80,03:59:58,14398,03:59:58,14398,04:04:58,14698,1,LONG,1.0,1.0,100.0477224855187,99.99835439705107,4.897926105779675e-06,-0.0004934454002666344,-0.0004934454002666344,0.0005,0.0005,0.001,-0.0014934454002666344,-0.0014934454002666344
W3-D80-T00013,W3,80,04:04:58,14698,04:04:58,14698,04:09:58,14998,1,LONG,1.0,1.0,99.99835439705107,100.02797525013166,4.897926105779675e-06,0.0002962134053023924,0.0002962134053023924,0.0005,0.0005,0.001,-0.0007037865946976076,-0.0007037865946976076
W3-D80-T00014,W3,80,04:09:58,14998,04:09:58,14998,04:14:58,15298,1,LONG,1.0,1.0,100.02797525013166,100.01153567667194,4.897926105779675e-06,-0.0001643497573414754,-0.0001643497573414754,0.0005,0.0005,0.001,-0.0011643497573414754,-0.0011643497573414754
W3-D80-T00015,W3,80,04:14:58,15298,04:14:58,15298,04:19:58,15598,1,LONG,1.0,1.0,100.01153567667194,100.01974723538704,2.3216314305748446e-06,8.210611565506731e-05,8.210611565506731e-05,0.0005,0.0005,0.001,-0.0009178938843449327,-0.0009178938843449327
W3-D80-T00016,W3,80,04:19:58,15598,04:19:58,15598,04:24:58,15898,1,LONG,1.0,1.0,100.01974723538704,100.05249473407058,2.3216314305748446e-06,0.0003274103323462896,0.0003274103323462896,0.0005,0.0005,0.001,-0.0006725896676537104,-0.0006725896676537104
W3-D80-T00017,W3,80,04:24:58,15898,04:24:58,15898,04:29:58,16198,1,LONG,1.0,1.0,100.05249473407058,100.05265929436548,6.4055980733941145e-06,1.6447395474461501e-06,1.6447395474461501e-06,0.0005,0.0005,0.001,-0.0009983552604525539,-0.0009983552604525539
W3-D80-T00018,W3,80,04:29:58,16198,04:29:58,16198,04:34:58,16498,-1,SHORT,-1.0,1.0,100.05265929436548,100.00329120589784,-4.695956510374236e-06,0.0004934210526318372,0.0004934210526318372,0.0005,0.0005,0.001,-0.0005065789473681628,-0.0005065789473681628
W3-D80-T00019,W3,80,04:34:58,16498,04:34:58,16498,04:39:58,16798,-1,SHORT,-1.0,1.0,100.00329120589784,99.94734070563456,-4.695956510374236e-06,0.0005594865887771361,0.0005594865887771361,0.0005,0.0005,0.001,-0.00044051341122286394,-0.00044051341122286394
W3-D80-T00020,W3,80,04:39:58,16798,04:39:58,16798,04:44:58,17098,-1,SHORT,-1.0,1.0,99.94734070563456,99.90949183780938,-1.354295181986491e-05,0.0003786880927292291,0.0003786880927292291,0.0005,0.0005,0.001,-0.0006213119072707709,-0.0006213119072707709
W3-D80-T00021,W3,80,04:44:58,17098,04:44:58,17098,04:49:58,17398,-1,SHORT,-1.0,1.0,99.90949183780938,99.93253027909428,-4.656143483471119e-05,-0.00023059311844253472,-0.00023059311844253472,0.0005,0.0005,0.001,-0.0012305931184425347,-0.0012305931184425347
W3-D80-T00022,W3,80,04:49:58,17398,04:49:58,17398,04:54:58,17698,1,LONG,1.0,1.0,99.93253027909428,99.9152349921011,4.897926105779675e-06,-0.00017306963953456211,-0.00017306963953456211,0.0005,0.0005,0.001,-0.0011730696395345621,-0.0011730696395345621
W3-D80-T00023,W3,80,04:54:58,17698,04:54:58,17698,04:59:58,17998,1,LONG,1.0,1.0,99.9152349921011,99.89468141126908,4.897926105779675e-06,-0.0002057101785694071,-0.0002057101785694071,0.0005,0.0005,0.001,-0.0012057101785694071,-0.0012057101785694071
W3-D80-T00024,W3,80,04:59:58,17998,04:59:58,17998,05:04:58,18298,1,LONG,1.0,1.0,99.89468141126908,99.9275934702475,4.897926105779675e-06,0.00032946758039020807,0.00032946758039020807,0.0005,0.0005,0.001,-0.000670532419609792,-0.000670532419609792
W3-D80-T00025,W3,80,05:04:58,18298,05:04:58,18298,05:09:58,18598,1,LONG,1.0,1.0,99.9275934702475,99.92265666140077,4.897926105779675e-06,-4.940386008800424e-05,-4.940386008800424e-05,0.0005,0.0005,0.001,-0.0010494038600880043,-0.0010494038600880043
W3-D80-T00026,W3,80,05:09:58,18598,05:09:58,18598,05:14:58,18898,1,LONG,1.0,1.0,99.92265666140077,99.94816350710902,4.897926105779675e-06,0.00025526588824287266,0.00025526588824287266,0.0005,0.0005,0.001,-0.0007447341117571274,-0.0007447341117571274
W3-D80-T00027,W3,80,05:14:58,18898,05:14:58,18898,05:19:58,19198,1,LONG,1.0,1.0,99.94816350710902,99.9818983675619,4.897926105779675e-06,0.0003375235649074604,0.0003375235649074604,0.0005,0.0005,0.001,-0.0006624764350925396,-0.0006624764350925396
W3-D80-T00028,W3,80,05:19:58,19198,05:19:58,19198,05:24:58,19498,1,LONG,1.0,1.0,99.9818983675619,99.97037914691944,4.897926105779675e-06,-0.00011521306186956792,-0.00011521306186956792,0.0005,0.0005,0.001,-0.001115213061869568,-0.001115213061869568
W3-D80-T00029,W3,80,05:24:58,19498,05:24:58,19498,05:29:58,19798,1,LONG,1.0,1.0,99.97037914691944,99.91278304370722,4.897926105779675e-06,-0.000576131687242798,-0.000576131687242798,0.0005,0.0005,0.001,-0.001576131687242798,-0.001576131687242798
W3-D80-T00030,W3,80,05:29:58,19798,05:29:58,19798,05:34:58,20098,1,LONG,1.0,1.0,99.91278304370722,99.93746708794102,4.897926105779675e-06,0.0002470559169891473,0.0002470559169891473,0.0005,0.0005,0.001,-0.0007529440830108527,-0.0007529440830108527
W3-D80-T00031,W3,80,05:34:58,20098,05:34:58,20098,05:39:58,20398,1,LONG,1.0,1.0,99.93746708794102,99.96544233807268,4.897926105779675e-06,0.00027992754816419385,0.00027992754816419385,0.0005,0.0005,0.001,-0.0007200724518358062,-0.0007200724518358062
W3-D80-T00032,W3,80,05:39:58,20398,05:39:58,20398,05:44:58,20698,1,LONG,1.0,1.0,99.96544233807268,99.9917719852554,4.897926105779675e-06,0.0002633874923863022,0.0002633874923863022,0.0005,0.0005,0.001,-0.0007366125076136978,-0.0007366125076136978
W3-D80-T00033,W3,80,05:44:58,20698,05:44:58,20698,05:49:58,20998,1,LONG,1.0,1.0,99.9917719852554,99.99835439705107,4.897926105779675e-06,6.582953442046957e-05,6.582953442046957e-05,0.0005,0.0005,0.001,-0.0009341704655795304,-0.0009341704655795304
W3-D80-T00034,W3,80,05:49:58,20998,05:49:58,20998,05:54:58,21298,1,LONG,1.0,1.0,99.99835439705107,99.97202474986835,4.897926105779675e-06,-0.0002633008047130403,-0.0002633008047130403,0.0005,0.0005,0.001,-0.0012633008047130403,-0.0012633008047130403
W3-D80-T00035,W3,80,05:54:58,21298,05:54:58,21298,05:59:58,21598,1,LONG,1.0,1.0,99.97202474986835,99.98848077935756,4.897926105779675e-06,0.00016460634392845286,0.00016460634392845286,0.0005,0.0005,0.001,-0.0008353936560715472,-0.0008353936560715472
W3-D80-T00036,W3,80,05:59:58,21598,05:59:58,21598,06:04:58,21898,1,LONG,1.0,1.0,99.98848077935756,99.99012638230649,4.897926105779675e-06,1.645792531390633e-05,1.645792531390633e-05,0.0005,0.0005,0.001,-0.0009835420746860937,-0.0009835420746860937
W3-D80-T00037,W3,80,06:04:58,21898,06:04:58,21898,06:09:58,22198,1,LONG,1.0,1.0,99.99012638230649,99.97860716166404,4.897926105779675e-06,-0.0001152035811855523,-0.0001152035811855523,0.0005,0.0005,0.001,-0.0011152035811855523,-0.0011152035811855523
W3-D80-T00038,W3,80,06:09:58,22198,06:09:58,22198,06:14:58,22498,1,LONG,1.0,1.0,99.97860716166404,100.0,1.0314109504797121e-05,0.00021397415850543666,0.00021397415850543666,0.0005,0.0005,0.001,-0.0007860258414945634,-0.0007860258414945634
W3-D80-T00039,W3,80,06:14:58,22498,06:14:58,22498,06:19:58,22798,1,LONG,1.0,1.0,100.0,100.02221563981044,4.897926105779675e-06,0.00022215639810441168,0.00022215639810441168,0.0005,0.0005,0.001,-0.0007778436018955883,-0.0007778436018955883
W3-D80-T00040,W3,80,06:19:58,22798,06:19:58,22798,06:24:58,23098,1,LONG,1.0,1.0,100.02221563981044,100.04854528699316,4.897926105779675e-06,0.00026323799182303986,0.00026323799182303986,0.0005,0.0005,0.001,-0.0007367620081769602,-0.0007367620081769602
W3-D81-T00000,W3,81,02:59:58,10798,02:59:58,10798,03:04:58,11098,-1,SHORT,-1.0,1.0,100.13344355977912,100.13162963914216,-7.75665767869017e-06,1.8115033024734828e-05,1.8115033024734828e-05,0.0005,0.0005,0.001,-0.0009818849669752652,-0.0009818849669752652
W3-D81-T00001,W3,81,03:04:58,11098,03:04:58,11098,03:09:58,11398,-1,SHORT,-1.0,1.0,100.13162963914216,100.16373442917684,-1.354295181986491e-05,-0.00032062586168213336,-0.00032062586168213336,0.0005,0.0005,0.001,-0.0013206258616821334,-0.0013206258616821334
W3-D81-T00002,W3,81,03:09:58,11398,03:09:58,11398,03:14:58,11698,-1,SHORT,-1.0,1.0,100.16373442917684,100.16779568511622,-1.354295181986491e-05,-4.054617135151872e-05,-4.054617135151872e-05,0.0005,0.0005,0.001,-0.0010405461713515187,-0.0010405461713515187
W3-D81-T00003,W3,81,03:14:58,11698,03:14:58,11698,03:19:58,11998,-1,SHORT,-1.0,1.0,100.16779568511622,100.20145755746756,-4.695956510374236e-06,-0.0003360548379955919,-0.0003360548379955919,0.0005,0.0005,0.001,-0.001336054837995592,-0.001336054837995592
W3-D81-T00004,W3,81,03:19:58,11998,03:19:58,11998,03:24:58,12298,-1,SHORT,-1.0,1.0,100.20145755746756,100.21670733273402,-4.695956510374236e-06,-0.00015219115208697787,-0.00015219115208697787,0.0005,0.0005,0.001,-0.0011521911520869779,-0.0011521911520869779
W3-D81-T00005,W3,81,03:24:58,12298,03:24:58,12298,03:29:58,12598,-1,SHORT,-1.0,1.0,100.21670733273402,100.23597020675484,-4.695956510374236e-06,-0.00019221220227150226,-0.00019221220227150226,0.0005,0.0005,0.001,-0.0011922122022715023,-0.0011922122022715023
W3-D81-T00006,W3,81,03:29:58,12598,03:29:58,12598,03:34:58,12898,1,LONG,1.0,1.0,100.23597020675484,100.25202260177215,1.090337630800501e-06,0.00016014605320036068,0.00016014605320036068,0.0005,0.0005,0.001,-0.0008398539467996393,-0.0008398539467996393
W3-D81-T00007,W3,81,03:34:58,12898,03:34:58,12898,03:39:58,13198,1,LONG,1.0,1.0,100.25202260177215,100.2536278412739,4.063227968277076e-06,1.6012041055057935e-05,1.6012041055057935e-05,0.0005,0.0005,0.001,-0.000983987958944942,-0.000983987958944942
W3-D81-T00008,W3,81,03:39:58,13198,03:39:58,13198,03:44:58,13498,1,LONG,1.0,1.0,100.2536278412739,100.27770643379992,4.063227968277076e-06,0.00024017677010301774,0.00024017677010301774,0.0005,0.0005,0.001,-0.0007598232298969823,-0.0007598232298969823
W3-D81-T00009,W3,81,03:44:58,13498,03:44:58,13498,03:49:58,13798,1,LONG,1.0,1.0,100.27770643379992,100.30178502632592,4.063227968277076e-06,0.00024011909907306617,0.00024011909907306617,0.0005,0.0005,0.001,-0.0007598809009269339,-0.0007598809009269339
W3-D81-T00010,W3,81,03:49:58,13798,03:49:58,13798,03:54:58,14098,1,LONG,1.0,1.0,100.30178502632592,100.27128547579298,4.063227968277076e-06,-0.00030407784392805226,-0.00030407784392805226,0.0005,0.0005,0.001,-0.0013040778439280523,-0.0013040778439280523
W3-D81-T00011,W3,81,03:54:58,14098,03:54:58,14098,03:59:58,14398,1,LONG,1.0,1.0,100.27128547579298,100.27931167330163,4.063227968277076e-06,8.004482510193256e-05,8.004482510193256e-05,0.0005,0.0005,0.001,-0.0009199551748980675,-0.0009199551748980675
W3-D81-T00012,W3,81,03:59:58,14398,03:59:58,14398,04:04:58,14698,1,LONG,1.0,1.0,100.27931167330163,100.3049955053294,4.063227968277076e-06,0.00025612293901100536,0.00025612293901100536,0.0005,0.0005,0.001,-0.0007438770609889947,-0.0007438770609889947
W3-D81-T00013,W3,81,04:04:58,14698,04:04:58,14698,04:09:58,14998,-1,SHORT,-1.0,1.0,100.3049955053294,100.28733787081032,-1.0098981599451918e-05,0.0001760394328330639,0.0001760394328330639,0.0005,0.0005,0.001,-0.0008239605671669361,-0.0008239605671669361
W3-D81-T00014,W3,81,04:09:58,14998,04:09:58,14998,04:14:58,15298,1,LONG,1.0,1.0,100.28733787081032,100.26968023629124,4.063227968277076e-06,-0.00017607042817135987,-0.00017607042817135987,0.0005,0.0005,0.001,-0.00117607042817136,-0.00117607042817136
W3-D81-T00015,W3,81,04:14:58,15298,04:14:58,15298,04:19:58,15598,1,LONG,1.0,1.0,100.26968023629124,100.2969693078207,4.063227968277076e-06,0.00027215676229497276,0.00027215676229497276,0.0005,0.0005,0.001,-0.0007278432377050273,-0.0007278432377050273
W3-D81-T00016,W3,81,04:19:58,15598,04:19:58,15598,04:24:58,15898,1,LONG,1.0,1.0,100.2969693078207,100.30178502632592,4.063227968277076e-06,4.8014596437440105e-05,4.8014596437440105e-05,0.0005,0.0005,0.001,-0.0009519854035625599,-0.0009519854035625599
W3-D81-T00017,W3,81,04:24:58,15898,04:24:58,15898,04:29:58,16198,1,LONG,1.0,1.0,100.30178502632592,100.2817676897393,4.063227968277076e-06,-0.00019957109019907993,-0.00019957109019907993,0.0005,0.0005,0.001,-0.00119957109019908,-0.00119957109019908
W3-D81-T00018,W3,81,04:29:58,16198,04:29:58,16198,04:34:58,16498,1,LONG,1.0,1.0,100.2817676897393,100.3098112238346,4.063227968277076e-06,0.0002796473849768777,0.0002796473849768777,0.0005,0.0005,0.001,-0.0007203526150231223,-0.0007203526150231223
W3-D81-T00019,W3,81,04:34:58,16498,04:34:58,16498,04:39:58,16798,1,LONG,1.0,1.0,100.3098112238346,100.3049955053294,4.063227968277076e-06,-4.800844948704697e-05,-4.800844948704697e-05,0.0005,0.0005,0.001,-0.001048008449487047,-0.001048008449487047
W3-D81-T00020,W3,81,04:39:58,16798,04:39:58,16798,04:44:58,17098,1,LONG,1.0,1.0,100.3049955053294,100.28698471811992,4.063227968277076e-06,-0.00017956022148990503,-0.00017956022148990503,0.0005,0.0005,0.001,-0.001179560221489905,-0.001179560221489905
W3-D81-T00021,W3,81,04:44:58,17098,04:44:58,17098,04:49:58,17398,1,LONG,1.0,1.0,100.28698471811992,100.29054834981378,4.063227968277076e-06,3.553433881631207e-05,3.553433881631207e-05,0.0005,0.0005,0.001,-0.000964465661183688,-0.000964465661183688
W3-D81-T00022,W3,81,04:49:58,17398,04:49:58,17398,04:54:58,17698,1,LONG,1.0,1.0,100.29054834981378,100.30098240657506,4.063227968277076e-06,0.00010403828608951393,0.00010403828608951393,0.0005,0.0005,0.001,-0.0008959617139104861,-0.0008959617139104861
W3-D81-T00023,W3,81,04:54:58,17698,04:54:58,17698,04:59:58,17998,1,LONG,1.0,1.0,100.30098240657506,100.33710029536404,4.063227968277076e-06,0.00036009506509682154,0.00036009506509682154,0.0005,0.0005,0.001,-0.0006399049349031785,-0.0006399049349031785
W3-D81-T00024,W3,81,04:59:58,17998,04:59:58,17998,05:04:58,18298,1,LONG,1.0,1.0,100.33710029536404,100.3468440991396,4.063227968277076e-06,9.711067737527834e-05,9.711067737527834e-05,0.0005,0.0005,0.001,-0.0009028893226247217,-0.0009028893226247217
W3-D81-T00025,W3,81,05:04:58,18298,05:04:58,18298,05:09:58,18598,1,LONG,1.0,1.0,100.3468440991396,100.33228457685884,4.063227968277076e-06,-0.00014509197983725297,-0.00014509197983725297,0.0005,0.0005,0.001,-0.001145091979837253,-0.001145091979837253
W3-D81-T00026,W3,81,05:09:58,18598,05:09:58,18598,05:14:58,18898,1,LONG,1.0,1.0,100.33228457685884,100.33711634775908,4.063227968277076e-06,4.815768843124957e-05,4.815768843124957e-05,0.0005,0.0005,0.001,-0.0009518423115687505,-0.0009518423115687505
W3-D81-T00027,W3,81,05:14:58,18898,05:14:58,18898,05:19:58,19198,1,LONG,1.0,1.0,100.33711634775908,100.32506099910104,4.063227968277076e-06,-0.00012014844652552537,-0.00012014844652552537,0.0005,0.0005,0.001,-0.0011201484465255254,-0.0011201484465255254
W3-D81-T00028,W3,81,05:19:58,19198,05:19:58,19198,05:24:58,19498,1,LONG,1.0,1.0,100.32506099910104,100.3387055348658,4.063227968277076e-06,0.00013600326407847696,0.00013600326407847696,0.0005,0.0005,0.001,-0.0008639967359215231,-0.0008639967359215231
W3-D81-T00029,W3,81,05:24:58,19498,05:24:58,19498,05:29:58,19798,-1,SHORT,-1.0,1.0,100.3387055348658,100.33228457685884,-5.0593859362689304e-06,6.399283280289492e-05,6.399283280289492e-05,0.0005,0.0005,0.001,-0.0009360071671971051,-0.0009360071671971051
W3-D81-T00030,W3,81,05:29:58,19798,05:29:58,19798,05:34:58,20098,-1,SHORT,-1.0,1.0,100.33228457685884,100.32666623860278,-5.0593859362689304e-06,5.599731212890813e-05,5.599731212890813e-05,0.0005,0.0005,0.001,-0.0009440026878710919,-0.0009440026878710919
W3-D81-T00031,W3,81,05:34:58,20098,05:34:58,20098,05:39:58,20398,-1,SHORT,-1.0,1.0,100.32666623860278,100.29135096956465,-5.0593859362689304e-06,0.0003520028160224342,0.0003520028160224342,0.0005,0.0005,0.001,-0.0006479971839775658,-0.0006479971839775658
W3-D81-T00032,W3,81,05:39:58,20398,05:39:58,20398,05:44:58,20698,-1,SHORT,-1.0,1.0,100.29135096956465,100.30178502632592,-5.0593859362689304e-06,-0.00010403745348330773,-0.00010403745348330773,0.0005,0.0005,0.001,-0.0011040374534833077,-0.0011040374534833077
W3-D81-T00033,W3,81,05:44:58,20698,05:44:58,20698,05:49:58,20998,1,LONG,1.0,1.0,100.30178502632592,100.28252215230512,1.9106644089853863e-06,-0.00019204916458603893,-0.00019204916458603893,0.0005,0.0005,0.001,-0.001192049164586039,-0.001192049164586039
W3-D81-T00034,W3,81,05:49:58,20998,05:49:58,20998,05:54:58,21298,1,LONG,1.0,1.0,100.28252215230512,100.28412739180683,1.9106644089853863e-06,1.6007171212528704e-05,1.6007171212528704e-05,0.0005,0.0005,0.001,-0.0009839928287874713,-0.0009839928287874713
W3-D81-T00035,W3,81,05:54:58,21298,05:54:58,21298,05:59:58,21598,-1,SHORT,-1.0,1.0,100.28412739180683,100.26646975728778,-7.211949495560619e-06,0.0001760760648598092,0.0001760760648598092,0.0005,0.0005,0.001,-0.0008239239351401908,-0.0008239239351401908
W3-D81-T00036,W3,81,05:59:58,21598,05:59:58,21598,06:04:58,21898,-1,SHORT,-1.0,1.0,100.26646975728778,100.2630666495441,-1.60589448050513e-05,3.3940635906670735e-05,3.3940635906670735e-05,0.0005,0.0005,0.001,-0.0009660593640933293,-0.0009660593640933293
W3-D81-T00037,W3,81,06:04:58,21898,06:04:58,21898,06:09:58,22198,-1,SHORT,-1.0,1.0,100.2630666495441,100.27128547579298,-1.60589448050513e-05,-8.197261986420123e-05,-8.197261986420123e-05,0.0005,0.0005,0.001,-0.0010819726198642013,-0.0010819726198642013
W3-D81-T00038,W3,81,06:09:58,22198,06:09:58,22198,06:14:58,22498,-1,SHORT,-1.0,1.0,100.27128547579298,100.2207525362784,-1.60589448050513e-05,0.0005039622188426351,0.0005039622188426351,0.0005,0.0005,0.001,-0.0004960377811573649,-0.0004960377811573649
W3-D81-T00039,W3,81,06:14:58,22498,06:14:58,22498,06:19:58,22798,-1,SHORT,-1.0,1.0,100.2207525362784,100.24961474251955,-0.00016616256429418852,-0.00028798632529425383,-0.00028798632529425383,0.0005,0.0005,0.001,-0.0012879863252942539,-0.0012879863252942539
W3-D81-T00040,W3,81,06:19:58,22798,06:19:58,22798,06:24:58,23098,-1,SHORT,-1.0,1.0,100.24961474251955,100.27289071529472,-0.00016328750217361633,-0.00023218017181370065,-0.00023218017181370065,0.0005,0.0005,0.001,-0.0012321801718137007,-0.0012321801718137007
W3-D82-T00000,W3,82,02:59:58,10798,02:59:58,10798,03:04:58,11098,-1,SHORT,-1.0,1.0,100.18606678288856,100.27992155022127,-6.936330900505285e-06,-0.0009368045911624101,-0.0009368045911624101,0.0005,0.0005,0.001,-0.0019368045911624101,-0.0019368045911624101
W3-D82-T00001,W3,82,03:04:58,11098,03:04:58,11098,03:09:58,11398,1,LONG,1.0,1.0,100.27992155022127,100.26822113450451,1.9106644089853863e-06,-0.00011667755155653214,-0.00011667755155653214,0.0005,0.0005,0.001,-0.0011166775515565322,-0.0011166775515565322
W3-D82-T00002,W3,82,03:09:58,11398,03:09:58,11398,03:14:58,11698,1,LONG,1.0,1.0,100.26822113450451,100.26820437173129,1.9106644089853863e-06,-1.6717932205256858e-07,-1.6717932205256858e-07,0.0005,0.0005,0.001,-0.0010001671793220526,-0.0010001671793220526
W3-D82-T00003,W3,82,03:14:58,11698,03:14:58,11698,03:19:58,11998,1,LONG,1.0,1.0,100.26820437173129,100.27910017433288,1.9106644089853863e-06,0.00010866657750452369,0.00010866657750452369,0.0005,0.0005,0.001,-0.0008913334224954763,-0.0008913334224954763
W3-D82-T00004,W3,82,03:19:58,11998,03:19:58,11998,03:24:58,12298,1,LONG,1.0,1.0,100.27910017433288,100.28915783827276,4.063227968277076e-06,0.00010029671110323157,0.00010029671110323157,0.0005,0.0005,0.001,-0.0008997032888967684,-0.0008997032888967684
W3-D82-T00005,W3,82,03:24:58,12298,03:24:58,12298,03:29:58,12598,1,LONG,1.0,1.0,100.28915783827276,100.24641276652812,4.063227968277076e-06,-0.00042621827389921485,-0.00042621827389921485,0.0005,0.0005,0.001,-0.0014262182738992149,-0.0014262182738992149
W3-D82-T00006,W3,82,03:29:58,12598,03:29:58,12598,03:34:58,12898,1,LONG,1.0,1.0,100.24641276652812,100.26652809440796,4.063227968277076e-06,0.0002006588298244516,0.0002006588298244516,0.0005,0.0005,0.001,-0.0007993411701755484,-0.0007993411701755484
W3-D82-T00007,W3,82,03:34:58,12898,03:34:58,12898,03:39:58,13198,1,LONG,1.0,1.0,100.26652809440796,100.26652809440796,4.063227968277076e-06,0.0,0.0,0.0005,0.0005,0.001,-0.001,-0.001
W3-D82-T00008,W3,82,03:39:58,13198,03:39:58,13198,03:44:58,13498,1,LONG,1.0,1.0,100.26652809440796,100.2866434222878,4.063227968277076e-06,0.00020061857393627314,0.00020061857393627314,0.0005,0.0005,0.001,-0.0007993814260637269,-0.0007993814260637269
W3-D82-T00009,W3,82,03:44:58,13498,03:44:58,13498,03:49:58,13798,1,LONG,1.0,1.0,100.2866434222878,100.261499262438,4.063227968277076e-06,-0.00025072291774608235,-0.00025072291774608235,0.0005,0.0005,0.001,-0.0012507229177460824,-0.0012507229177460824
W3-D82-T00010,W3,82,03:49:58,13798,03:49:58,13798,03:54:58,14098,1,LONG,1.0,1.0,100.261499262438,100.26146573689154,4.063227968277076e-06,-3.3438106050720506e-07,-3.3438106050720506e-07,0.0005,0.0005,0.001,-0.0010003343810605072,-0.0010003343810605072
W3-D82-T00011,W3,82,03:54:58,14098,03:54:58,14098,03:59:58,14398,1,LONG,1.0,1.0,100.26146573689154,100.28329086764116,4.063227968277076e-06,0.00021768214327622104,0.00021768214327622104,0.0005,0.0005,0.001,-0.000782317856723779,-0.000782317856723779
W3-D82-T00012,W3,82,03:59:58,14398,03:59:58,14398,04:04:58,14698,1,LONG,1.0,1.0,100.28329086764116,100.31679965133432,4.063227968277076e-06,0.00033414124529862477,0.00033414124529862477,0.0005,0.0005,0.001,-0.0006658587547013753,-0.0006658587547013753
W3-D82-T00013,W3,82,04:04:58,14698,04:04:58,14698,04:09:58,14998,1,LONG,1.0,1.0,100.31679965133432,100.38219122971708,4.063227968277076e-06,0.0006518507230097725,0.0006518507230097725,0.0005,0.0005,0.001,-0.0003481492769902275,-0.0003481492769902275
W3-D82-T00014,W3,82,04:09:58,14998,04:09:58,14998,04:14:58,15298,1,LONG,1.0,1.0,100.38219122971708,100.40565911224355,1.8610145323300292e-05,0.0002337853182818872,0.0002337853182818872,0.0005,0.0005,0.001,-0.0007662146817181128,-0.0007662146817181128
W3-D82-T00015,W3,82,04:14:58,15298,04:14:58,15298,04:19:58,15598,1,LONG,1.0,1.0,100.40565911224355,100.38386750704038,1.8610145323300292e-05,-0.00021703562723307535,-0.00021703562723307535,0.0005,0.0005,0.001,-0.0012170356272330754,-0.0012170356272330754
W3-D82-T00016,W3,82,04:19:58,15598,04:19:58,15598,04:24:58,15898,1,LONG,1.0,1.0,100.38386750704038,100.34866568325064,1.8610145323300292e-05,-0.0003506721215663644,-0.0003506721215663644,0.0005,0.0005,0.001,-0.0013506721215663644,-0.0013506721215663644
W3-D82-T00017,W3,82,04:24:58,15898,04:24:58,15898,04:29:58,16198,1,LONG,1.0,1.0,100.34866568325064,100.39446157972375,1.8610145323300292e-05,0.00045636776693847025,0.00045636776693847025,0.0005,0.0005,0.001,-0.0005436322330615298,-0.0005436322330615298
W3-D82-T00018,W3,82,04:29:58,16198,04:29:58,16198,04:34:58,16498,1,LONG,1.0,1.0,100.39446157972375,100.40899490411697,1.8610145323300292e-05,0.00014476221262138544,0.00014476221262138544,0.0005,0.0005,0.001,-0.0008552377873786146,-0.0008552377873786146
W3-D82-T00019,W3,82,04:34:58,16498,04:34:58,16498,04:39:58,16798,1,LONG,1.0,1.0,100.40899490411697,100.42242188547677,1.8610145323300292e-05,0.0001337228937767776,0.0001337228937767776,0.0005,0.0005,0.001,-0.0008662771062232224,-0.0008662771062232224
W3-D82-T00020,W3,82,04:39:58,16798,04:39:58,16798,04:44:58,17098,1,LONG,1.0,1.0,100.42242188547677,100.44086093603327,1.8610145323300292e-05,0.00018361487614337868,0.00018361487614337868,0.0005,0.0005,0.001,-0.0008163851238566213,-0.0008163851238566213
W3-D82-T00021,W3,82,04:44:58,17098,04:44:58,17098,04:49:58,17398,1,LONG,1.0,1.0,100.44086093603327,100.40733538956688,1.8610145323300292e-05,-0.0003337839416543975,-0.0003337839416543975,0.0005,0.0005,0.001,-0.0013337839416543975,-0.0013337839416543975
W3-D82-T00022,W3,82,04:49:58,17398,04:49:58,17398,04:54:58,17698,1,LONG,1.0,1.0,100.40733538956688,100.43080327209336,1.8610145323300292e-05,0.00023372677340183223,0.00023372677340183223,0.0005,0.0005,0.001,-0.0007662732265981678,-0.0007662732265981678
W3-D82-T00023,W3,82,04:54:58,17698,04:54:58,17698,04:59:58,17998,1,LONG,1.0,1.0,100.43080327209336,100.45427115461985,4.447935755571287e-06,0.000233672157962328,0.000233672157962328,0.0005,0.0005,0.001,-0.000766327842037672,-0.000766327842037672
W3-D82-T00024,W3,82,04:59:58,17998,04:59:58,17998,05:04:58,18298,1,LONG,1.0,1.0,100.45427115461985,100.45594743194316,4.447935755571287e-06,1.668696914580714e-05,1.668696914580714e-05,0.0005,0.0005,0.001,-0.0009833130308541929,-0.0009833130308541929
W3-D82-T00025,W3,82,05:04:58,18298,05:04:58,18298,05:09:58,18598,1,LONG,1.0,1.0,100.45594743194316,100.49450181037952,1.8610145323300292e-05,0.00038379388599651953,0.00038379388599651953,0.0005,0.0005,0.001,-0.0006162061140034805,-0.0006162061140034805
W3-D82-T00026,W3,82,05:09:58,18598,05:09:58,18598,05:14:58,18898,1,LONG,1.0,1.0,100.49450181037952,100.46965938044792,1.8610145323300292e-05,-0.00024720188153648515,-0.00024720188153648515,0.0005,0.0005,0.001,-0.0012472018815364852,-0.0012472018815364852
W3-D82-T00027,W3,82,05:14:58,18898,05:14:58,18898,05:19:58,19198,1,LONG,1.0,1.0,100.46965938044792,100.42912699477004,1.8610145323300292e-05,-0.0004034291141009616,-0.0004034291141009616,0.0005,0.0005,0.001,-0.0014034291141009616,-0.0014034291141009616
W3-D82-T00028,W3,82,05:19:58,19198,05:19:58,19198,05:24:58,19498,1,LONG,1.0,1.0,100.42912699477004,100.43080327209336,1.8610145323300292e-05,1.669114701563501e-05,1.669114701563501e-05,0.0005,0.0005,0.001,-0.000983308852984365,-0.000983308852984365
W3-D82-T00029,W3,82,05:24:58,19498,05:24:58,19498,05:29:58,19798,1,LONG,1.0,1.0,100.43080327209336,100.36375217916054,1.8610145323300292e-05,-0.0006676347370353497,-0.0006676347370353497,0.0005,0.0005,0.001,-0.0016676347370353497,-0.0016676347370353497
W3-D82-T00030,W3,82,05:29:58,19798,05:29:58,19798,05:34:58,20098,1,LONG,1.0,1.0,100.36375217916054,100.35034196057396,1.8610145323300292e-05,-0.00013361615419327233,-0.00013361615419327233,0.0005,0.0005,0.001,-0.0011336161541932724,-0.0011336161541932724
W3-D82-T00031,W3,82,05:34:58,20098,05:34:58,20098,05:39:58,20398,1,LONG,1.0,1.0,100.35034196057396,100.36879777390372,9.763150013809603e-06,0.0001839138060637513,0.0001839138060637513,0.0005,0.0005,0.001,-0.0008160861939362487,-0.0008160861939362487
W3-D82-T00032,W3,82,05:39:58,20398,05:39:58,20398,05:44:58,20698,1,LONG,1.0,1.0,100.36879777390372,100.35703030709402,3.720256617261238e-06,-0.00011724228117393487,-0.00011724228117393487,0.0005,0.0005,0.001,-0.0011172422811739349,-0.0011172422811739349
W3-D82-T00033,W3,82,05:44:58,20698,05:44:58,20698,05:49:58,20998,1,LONG,1.0,1.0,100.35703030709402,100.33020986992088,3.720256617261238e-06,-0.0002672502074948513,-0.0002672502074948513,0.0005,0.0005,0.001,-0.0012672502074948513,-0.0012672502074948513
W3-D82-T00034,W3,82,05:49:58,20998,05:49:58,20998,05:54:58,21298,1,LONG,1.0,1.0,100.33020986992088,100.3470732197935,3.720256617261238e-06,0.00016807848697308891,0.00016807848697308891,0.0005,0.0005,0.001,-0.0008319215130269111,-0.0008319215130269111
W3-D82-T00035,W3,82,05:54:58,21298,05:54:58,21298,05:59:58,21598,1,LONG,1.0,1.0,100.3470732197935,100.26988064905458,3.720256617261238e-06,-0.0007692558264239535,-0.0007692558264239535,0.0005,0.0005,0.001,-0.0017692558264239535,-0.0017692558264239535
W3-D82-T00036,W3,82,05:59:58,21598,05:59:58,21598,06:04:58,21898,1,LONG,1.0,1.0,100.26988064905458,100.21959232935498,7.610586454517908e-06,-0.0005015296654796719,-0.0005015296654796719,0.0005,0.0005,0.001,-0.001501529665479672,-0.001501529665479672
W3-D82-T00037,W3,82,06:04:58,21898,06:04:58,21898,06:09:58,22198,1,LONG,1.0,1.0,100.21959232935498,100.23132627061824,3.720256617261238e-06,0.00011708230886320337,0.00011708230886320337,0.0005,0.0005,0.001,-0.0008829176911367967,-0.0008829176911367967
W3-D82-T00038,W3,82,06:09:58,22198,06:09:58,22198,06:14:58,22498,1,LONG,1.0,1.0,100.23132627061824,100.21623977470834,3.720256617261238e-06,-0.0001505167742584801,-0.0001505167742584801,0.0005,0.0005,0.001,-0.0011505167742584801,-0.0011505167742584801
W3-D82-T00039,W3,82,06:14:58,22498,06:14:58,22498,06:19:58,22798,1,LONG,1.0,1.0,100.21623977470834,100.2128872200617,5.271306240969037e-05,-3.3453207326283874e-05,-3.3453207326283874e-05,0.0005,0.0005,0.001,-0.001033453207326284,-0.001033453207326284
W3-D82-T00040,W3,82,06:19:58,22798,06:19:58,22798,06:24:58,23098,1,LONG,1.0,1.0,100.2128872200617,100.2045058334451,5.271306240969037e-05,-8.36358162019657e-05,-8.36358162019657e-05,0.0005,0.0005,0.001,-0.0010836358162019657,-0.0010836358162019657
W3-D83-T00000,W3,83,02:59:58,10798,02:59:58,10798,03:04:58,11098,-1,SHORT,-1.0,1.0,100.59766578056151,100.70281490113253,-1.0509137509405925e-05,-0.0010452441391670675,-0.0010452441391670675,0.0005,0.0005,0.001,-0.0020452441391670675,-0.0020452441391670675
W3-D83-T00001,W3,83,03:04:58,11098,03:04:58,11098,03:09:58,11398,-1,SHORT,-1.0,1.0,100.70281490113253,100.61723899348166,-1.3962016176365468e-05,0.0008497866493094586,0.0008497866493094586,0.0005,0.0005,0.001,-0.00015021335069054145,-0.00015021335069054145
W3-D83-T00002,W3,83,03:09:58,11398,03:09:58,11398,03:14:58,11698,1,LONG,1.0,1.0,100.61723899348166,100.5953898255708,5.450981126488043e-06,-0.00021715133638555706,-0.00021715133638555706,0.0005,0.0005,0.001,-0.001217151336385557,-0.001217151336385557
W3-D83-T00003,W3,83,03:14:58,11698,03:14:58,11698,03:19:58,11998,-1,SHORT,-1.0,1.0,100.5953898255708,100.4315210662394,-3.834812769591656e-05,0.0016289887599775232,0.0016289887599775232,0.0005,0.0005,0.001,0.0006289887599775232,0.0006289887599775232
W3-D83-T00004,W3,83,03:19:58,11998,03:19:58,11998,03:24:58,12298,1,LONG,1.0,1.0,100.4315210662394,100.33797021230107,0.0001533321644441961,-0.0009314889682555672,-0.0009314889682555672,0.0005,0.0005,0.001,-0.0019314889682555672,-0.0019314889682555672
W3-D83-T00005,W3,83,03:24:58,12298,03:24:58,12298,03:29:58,12598,1,LONG,1.0,1.0,100.33797021230107,100.2950001820764,2.54888135459917e-05,-0.0004282529348935693,-0.0004282529348935693,0.0005,0.0005,0.001,-0.0014282529348935693,-0.0014282529348935693
W3-D83-T00006,W3,83,03:29:58,12598,03:29:58,12598,03:34:58,12898,1,LONG,1.0,1.0,100.2950001820764,100.35322821455884,0.0007277355782183889,0.0005805676492023348,0.0005805676492023348,0.0005,0.0005,0.001,-0.0004194323507976652,-0.0004194323507976652
W3-D83-T00007,W3,83,03:34:58,12898,03:34:58,12898,03:39:58,13198,1,LONG,1.0,1.0,100.35322821455884,100.32773751866284,0.00021534957752333627,-0.00025400972494371565,-0.00025400972494371565,0.0005,0.0005,0.001,-0.0012540097249437157,-0.0012540097249437157
W3-D83-T00008,W3,83,03:39:58,13198,03:39:58,13198,03:44:58,13498,1,LONG,1.0,1.0,100.32773751866284,100.42059648228395,0.00010523584903962247,0.0009255562411525364,0.0009255562411525364,0.0005,0.0005,0.001,-7.444375884746359e-05,-7.444375884746359e-05
W3-D83-T00009,W3,83,03:44:58,13498,03:44:58,13498,03:49:58,13798,1,LONG,1.0,1.0,100.42059648228395,100.60631440952623,4.6846394566040246e-05,0.0018494007578917504,0.0018494007578917504,0.0005,0.0005,0.001,0.0008494007578917504,0.0008494007578917504
W3-D83-T00010,W3,83,03:49:58,13798,03:49:58,13798,03:54:58,14098,1,LONG,1.0,1.0,100.60631440952623,100.62998434142963,5.114760332886654e-05,0.00023527282598823085,0.00023527282598823085,0.0005,0.0005,0.001,-0.0007647271740117692,-0.0007647271740117692
W3-D83-T00011,W3,83,03:54:58,14098,03:54:58,14098,03:59:58,14398,1,LONG,1.0,1.0,100.62998434142963,100.63908816139252,4.285128423181755e-05,9.04682637334897e-05,9.04682637334897e-05,0.0005,0.0005,0.001,-0.0009095317362665103,-0.0009095317362665103
W3-D83-T00012,W3,83,03:59:58,14398,03:59:58,14398,04:04:58,14698,1,LONG,1.0,1.0,100.63908816139252,100.69006955318451,3.0440492444386036e-05,0.0005065764478136003,0.0005065764478136003,0.0005,0.0005,0.001,-0.0004934235521863997,-0.0004934235521863997
W3-D83-T00013,W3,83,04:04:58,14698,04:04:58,14698,04:09:58,14998,1,LONG,1.0,1.0,100.69006955318451,100.8146826408361,3.0440492444386036e-05,0.0012375906403139236,0.0012375906403139236,0.0005,0.0005,0.001,0.0002375906403139236,0.0002375906403139236
W3-D83-T00014,W3,83,04:09:58,14998,04:09:58,14998,04:14:58,15298,1,LONG,1.0,1.0,100.8146826408361,100.84665525654565,1.685572063682224e-05,0.0003171424525876265,0.0003171424525876265,0.0005,0.0005,0.001,-0.0006828575474123735,-0.0006828575474123735
W3-D83-T00015,W3,83,04:14:58,15298,04:14:58,15298,04:19:58,15598,-1,SHORT,-1.0,1.0,100.84665525654565,100.97775026401078,-3.4324951047647494e-06,-0.0012999440301875165,-0.0012999440301875165,0.0005,0.0005,0.001,-0.0022999440301875165,-0.0022999440301875165
W3-D83-T00016,W3,83,04:19:58,15598,04:19:58,15598,04:24:58,15898,1,LONG,1.0,1.0,100.97775026401078,101.05604311569134,9.551620773222011e-05,0.0007753475540488441,0.0007753475540488441,0.0005,0.0005,0.001,-0.00022465244595115588,-0.00022465244595115588
W3-D83-T00017,W3,83,04:24:58,15898,04:24:58,15898,04:29:58,16198,1,LONG,1.0,1.0,101.05604311569134,101.0141655438622,8.690504016455664e-05,-0.00041439948109966984,-0.00041439948109966984,0.0005,0.0005,0.001,-0.0014143994810996699,-0.0014143994810996699
W3-D83-T00018,W3,83,04:29:58,16198,04:29:58,16198,04:34:58,16498,1,LONG,1.0,1.0,101.0141655438622,101.1106660354685,9.363039630732387e-05,0.000955316426035191,0.000955316426035191,0.0005,0.0005,0.001,-4.468357396480906e-05,-4.468357396480906e-05
W3-D83-T00019,W3,83,04:34:58,16498,04:34:58,16498,04:39:58,16798,1,LONG,1.0,1.0,101.1106660354685,100.98140999963584,3.6060734422715734e-05,-0.0012783620254990247,-0.0012783620254990247,0.0005,0.0005,0.001,-0.0022783620254990247,-0.0022783620254990247
W3-D83-T00020,W3,83,04:39:58,16798,04:39:58,16798,04:44:58,17098,1,LONG,1.0,1.0,100.98140999963584,101.02326936382508,0.00013084837334334073,0.00041452544769771116,0.00041452544769771116,0.0005,0.0005,0.001,-0.0005854745523022889,-0.0005854745523022889
W3-D83-T00021,W3,83,04:44:58,17098,04:44:58,17098,04:49:58,17398,1,LONG,1.0,1.0,101.02326936382508,100.95408033210737,2.5115779657954123e-05,-0.0006848821281811857,-0.0006848821281811857,0.0005,0.0005,0.001,-0.0016848821281811857,-0.0016848821281811857
W3-D83-T00022,W3,83,04:49:58,17398,04:49:58,17398,04:54:58,17698,-1,SHORT,-1.0,1.0,100.95408033210737,100.97775026401078,-4.747658656853599e-05,-0.0002344623597734241,-0.0002344623597734241,0.0005,0.0005,0.001,-0.0012344623597734241,-0.0012344623597734241
W3-D83-T00023,W3,83,04:54:58,17698,04:54:58,17698,04:59:58,17998,-1,SHORT,-1.0,1.0,100.97775026401078,101.05786387968392,-4.747658656853599e-05,-0.0007933788925151841,-0.0007933788925151841,0.0005,0.0005,0.001,-0.0017933788925151841,-0.0017933788925151841
W3-D83-T00024,W3,83,04:59:58,17998,04:59:58,17998,05:04:58,18298,-1,SHORT,-1.0,1.0,101.05786387968392,101.04876005972106,-3.670837397337648e-05,9.00852206187075e-05,9.00852206187075e-05,0.0005,0.0005,0.001,-0.0009099147793812925,-0.0009099147793812925
W3-D83-T00025,W3,83,05:04:58,18298,05:04:58,18298,05:09:58,18598,-1,SHORT,-1.0,1.0,101.04876005972106,101.07607151960964,-5.931447335784801e-05,-0.00027028001009066216,-0.00027028001009066216,0.0005,0.0005,0.001,-0.0012702800100906622,-0.0012702800100906622
W3-D83-T00026,W3,83,05:09:58,18598,05:09:58,18598,05:14:58,18898,-1,SHORT,-1.0,1.0,101.07607151960964,100.96864644404792,-3.464318044834807e-05,0.0010628141156127091,0.0010628141156127091,0.0005,0.0005,0.001,6.281411561270909e-05,6.281411561270909e-05
W3-D83-T00027,W3,83,05:14:58,18898,05:14:58,18898,05:19:58,19198,1,LONG,1.0,1.0,100.96864644404792,100.93405192818908,8.067319259139722e-06,-0.0003426263209145297,-0.0003426263209145297,0.0005,0.0005,0.001,-0.0013426263209145297,-0.0013426263209145297
W3-D83-T00028,W3,83,05:19:58,19198,05:19:58,19198,05:24:58,19498,1,LONG,1.0,1.0,100.93405192818908,101.00324095990678,8.067319259139722e-06,0.0006854875078921019,0.0006854875078921019,0.0005,0.0005,0.001,-0.00031451249210789813,-0.00031451249210789813
W3-D83-T00029,W3,83,05:24:58,19498,05:24:58,19498,05:29:58,19798,1,LONG,1.0,1.0,101.00324095990678,100.96864644404792,8.067319259139722e-06,-0.0003425089683269933,-0.0003425089683269933,0.0005,0.0005,0.001,-0.0013425089683269933,-0.0013425089683269933
W3-D83-T00030,W3,83,05:29:58,19798,05:29:58,19798,05:34:58,20098,1,LONG,1.0,1.0,100.96864644404792,100.92492990058628,8.067319259139722e-06,-0.00043297147185061835,-0.00043297147185061835,0.0005,0.0005,0.001,-0.0014329714718506184,-0.0014329714718506184
W3-D83-T00031,W3,83,05:34:58,20098,05:34:58,20098,05:39:58,20398,-1,SHORT,-1.0,1.0,100.92492990058628,101.01234477986962,-7.796760503509545e-07,-0.0008661376269416543,-0.0008661376269416543,0.0005,0.0005,0.001,-0.0018661376269416543,-0.0018661376269416543
W3-D83-T00032,W3,83,05:39:58,20398,05:39:58,20398,05:44:58,20698,-1,SHORT,-1.0,1.0,101.01234477986962,100.96136338807764,-1.977167092737092e-05,0.0005047045675761197,0.0005047045675761197,0.0005,0.0005,0.001,-0.0004952954324238803,-0.0004952954324238803
W3-D83-T00033,W3,83,05:44:58,20698,05:44:58,20698,05:49:58,20998,-1,SHORT,-1.0,1.0,100.96136338807764,100.99959943192164,-1.977167092737092e-05,-0.00037871956717761,-0.00037871956717761,0.0005,0.0005,0.001,-0.00137871956717761,-0.00137871956717761
W3-D83-T00034,W3,83,05:49:58,20998,05:49:58,20998,05:54:58,21298,-1,SHORT,-1.0,1.0,100.99959943192164,100.96682568005536,-6.165382586303122e-05,0.00032449387968480625,0.00032449387968480625,0.0005,0.0005,0.001,-0.0006755061203151938,-0.0006755061203151938
W3-D83-T00035,W3,83,05:54:58,21298,05:54:58,21298,05:59:58,21598,-1,SHORT,-1.0,1.0,100.96682568005536,100.9886748479662,-6.165382586303122e-05,-0.0002163994734276642,-0.0002163994734276642,0.0005,0.0005,0.001,-0.0012163994734276642,-0.0012163994734276642
W3-D83-T00036,W3,83,05:59:58,21598,05:59:58,21598,06:04:58,21898,-1,SHORT,-1.0,1.0,100.9886748479662,100.9959579039365,-2.9812850674009853e-05,-7.211755160940747e-05,-7.211755160940747e-05,0.0005,0.0005,0.001,-0.0010721175516094075,-0.0010721175516094075
W3-D83-T00037,W3,83,06:04:58,21898,06:04:58,21898,06:09:58,22198,-1,SHORT,-1.0,1.0,100.9959579039365,100.92119733440153,-2.9812850674009853e-05,0.0007402332834556269,0.0007402332834556269,0.0005,0.0005,0.001,-0.00025976671654437313,-0.00025976671654437313
W3-D83-T00038,W3,83,06:09:58,22198,06:09:58,22198,06:14:58,22498,-1,SHORT,-1.0,1.0,100.92119733440153,100.89217435635992,-3.865984598350051e-05,0.00028758059563482874,0.00028758059563482874,0.0005,0.0005,0.001,-0.0007124194043651713,-0.0007124194043651713
W3-D83-T00039,W3,83,06:14:58,22498,06:14:58,22498,06:19:58,22798,-1,SHORT,-1.0,1.0,100.89217435635992,101.0396562397582,-2.2186308564418927e-05,-0.0014617772323686218,-0.0014617772323686218,0.0005,0.0005,0.001,-0.002461777232368622,-0.002461777232368622
W3-D83-T00040,W3,83,06:19:58,22798,06:19:58,22798,06:24:58,23098,-1,SHORT,-1.0,1.0,101.0396562397582,100.94315574815192,-1.5166967340618149e-05,0.0009550754149172391,0.0009550754149172391,0.0005,0.0005,0.001,-4.492458508276089e-05,-4.492458508276089e-05
W3-D84-T00000,W3,84,02:59:58,10798,02:59:58,10798,03:04:58,11098,1,LONG,1.0,1.0,99.28091456497076,99.23190505279692,0.00017361075778108824,-0.0004936448499551771,-0.0004936448499551771,0.0005,0.0005,0.001,-0.0014936448499551771,-0.0014936448499551771
W3-D84-T00001,W3,84,03:04:58,11098,03:04:58,11098,03:09:58,11398,1,LONG,1.0,1.0,99.23190505279692,99.13779561916397,0.00021798574324480833,-0.000948378785864068,-0.000948378785864068,0.0005,0.0005,0.001,-0.001948378785864068,-0.001948378785864068
W3-D84-T00002,W3,84,03:09:58,11398,03:09:58,11398,03:14:58,11698,1,LONG,1.0,1.0,99.13779561916397,98.98071384937604,0.0001452518455243157,-0.0015844791464937336,-0.0015844791464937336,0.0005,0.0005,0.001,-0.0025844791464937336,-0.0025844791464937336
W3-D84-T00003,W3,84,03:14:58,11698,03:14:58,11698,03:19:58,11998,1,LONG,1.0,1.0,98.98071384937604,99.07147220525351,0.0003909712025011399,0.0009169296961788476,0.0009169296961788476,0.0005,0.0005,0.001,-8.307030382115246e-05,-8.307030382115246e-05
W3-D84-T00004,W3,84,03:19:58,11998,03:19:58,11998,03:24:58,12298,1,LONG,1.0,1.0,99.07147220525351,99.17619338511214,0.00017410379646188488,0.0010570265842186899,0.0010570265842186899,0.0005,0.0005,0.001,5.702658421868987e-05,5.702658421868987e-05
W3-D84-T00005,W3,84,03:24:58,12298,03:24:58,12298,03:29:58,12598,1,LONG,1.0,1.0,99.17619338511214,99.186665503098,0.00018861000668492141,0.0001055910458791498,0.0001055910458791498,0.0005,0.0005,0.001,-0.0008944089541208502,-0.0008944089541208502
W3-D84-T00006,W3,84,03:29:58,12598,03:29:58,12598,03:34:58,12898,1,LONG,1.0,1.0,99.186665503098,99.00514879134305,0.00011722631144496595,-0.0018300515581832766,-0.0018300515581832766,0.0005,0.0005,0.001,-0.0028300515581832766,-0.0028300515581832766
W3-D84-T00007,W3,84,03:34:58,12898,03:34:58,12898,03:39:58,13198,1,LONG,1.0,1.0,99.00514879134305,98.98245920237368,0.00016081886836867196,-0.00022917584839132754,-0.00022917584839132754,0.0005,0.0005,0.001,-0.0012291758483913276,-0.0012291758483913276
W3-D84-T00008,W3,84,03:39:58,13198,03:39:58,13198,03:44:58,13498,1,LONG,1.0,1.0,98.98245920237368,98.91089972947027,0.00019620643470299684,-0.0007229510509240145,-0.0007229510509240145,0.0005,0.0005,0.001,-0.0017229510509240145,-0.0017229510509240145
W3-D84-T00009,W3,84,03:44:58,13498,03:44:58,13498,03:49:58,13798,1,LONG,1.0,1.0,98.91089972947027,98.91439043546558,0.00033792737928366363,3.529141889169196e-05,3.529141889169196e-05,0.0005,0.0005,0.001,-0.0009647085811083081,-0.0009647085811083081
W3-D84-T00010,W3,84,03:49:58,13798,03:49:58,13798,03:54:58,14098,1,LONG,1.0,1.0,98.91439043546558,98.85853913954097,0.0003652967631221538,-0.0005646427752193928,-0.0005646427752193928,0.0005,0.0005,0.001,-0.0015646427752193928,-0.0015646427752193928
W3-D84-T00011,W3,84,03:54:58,14098,03:54:58,14098,03:59:58,14398,1,LONG,1.0,1.0,98.85853913954097,98.87948337551268,0.0003384992135666725,0.00021186066630174416,0.00021186066630174416,0.0005,0.0005,0.001,-0.0007881393336982559,-0.0007881393336982559
W3-D84-T00012,W3,84,03:59:58,14398,03:59:58,14398,04:04:58,14698,1,LONG,1.0,1.0,98.87948337551268,99.04529191028884,0.00024280784112783914,0.0016768750110320862,0.0016768750110320862,0.0005,0.0005,0.001,0.0006768750110320862,0.0006768750110320862
W3-D84-T00013,W3,84,04:04:58,14698,04:04:58,14698,04:09:58,14998,-1,SHORT,-1.0,1.0,99.04529191028884,99.01736626232656,-1.0566210264657553e-05,0.00028194826249361427,0.00028194826249361427,0.0005,0.0005,0.001,-0.0007180517375063858,-0.0007180517375063858
W3-D84-T00014,W3,84,04:09:58,14998,04:09:58,14998,04:14:58,15298,1,LONG,1.0,1.0,99.01736626232656,99.16746662012392,0.00023334228424014275,0.0015158993160826473,0.0015158993160826473,0.0005,0.0005,0.001,0.0005158993160826473,0.0005158993160826473
W3-D84-T00015,W3,84,04:14:58,15298,04:14:58,15298,04:19:58,15598,1,LONG,1.0,1.0,99.16746662012392,99.1360677196963,0.00017025375751309038,-0.000316625013200067,-0.000316625013200067,0.0005,0.0005,0.001,-0.001316625013200067,-0.001316625013200067
W3-D84-T00016,W3,84,04:19:58,15598,04:19:58,15598,04:24:58,15898,-1,SHORT,-1.0,1.0,99.1360677196963,99.2669517409896,-0.0002784350573112286,-0.0013202462464354525,-0.0013202462464354525,0.0005,0.0005,0.001,-0.0023202462464354525,-0.0023202462464354525
W3-D84-T00017,W3,84,04:24:58,15898,04:24:58,15898,04:29:58,16198,-1,SHORT,-1.0,1.0,99.2669517409896,99.40830788026878,-0.0002265704125347781,-0.0014240000000000919,-0.0014240000000000919,0.0005,0.0005,0.001,-0.002424000000000092,-0.002424000000000092
W3-D84-T00018,W3,84,04:29:58,16198,04:29:58,16198,04:34:58,16498,1,LONG,1.0,1.0,99.40830788026878,99.4677830526224,9.220469813100547e-05,0.0005982917687850087,0.0005982917687850087,0.0005,0.0005,0.001,-0.00040170823121499135,-0.00040170823121499135
W3-D84-T00019,W3,84,04:34:58,16498,04:34:58,16498,04:39:58,16798,-1,SHORT,-1.0,1.0,99.4677830526224,99.45721267126277,-0.00039554638346995206,0.00010626939733882068,0.00010626939733882068,0.0005,0.0005,0.001,-0.0008937306026611793,-0.0008937306026611793
W3-D84-T00020,W3,84,04:39:58,16798,04:39:58,16798,04:44:58,17098,-1,SHORT,-1.0,1.0,99.45721267126277,99.53924426215202,-1.7227347900877038e-05,-0.000824792779588579,-0.000824792779588579,0.0005,0.0005,0.001,-0.001824792779588579,-0.001824792779588579
W3-D84-T00021,W3,84,04:44:58,17098,04:44:58,17098,04:49:58,17398,-1,SHORT,-1.0,1.0,99.53924426215202,99.57760712104024,-0.00019783869785198533,-0.0003854043615920677,-0.0003854043615920677,0.0005,0.0005,0.001,-0.0013854043615920677,-0.0013854043615920677
W3-D84-T00022,W3,84,04:49:58,17398,04:49:58,17398,04:54:58,17698,-1,SHORT,-1.0,1.0,99.57760712104024,99.54446286761498,-2.8790520669443033e-05,0.00033284846245573707,0.00033284846245573707,0.0005,0.0005,0.001,-0.000667151537544263,-0.000667151537544263
W3-D84-T00023,W3,84,04:54:58,17698,04:54:58,17698,04:59:58,17998,1,LONG,1.0,1.0,99.54446286761498,99.58111528056548,0.00030848369839419325,0.00036820142371207787,0.00036820142371207787,0.0005,0.0005,0.001,-0.0006317985762879222,-0.0006317985762879222
W3-D84-T00024,W3,84,04:59:58,17998,04:59:58,17998,05:04:58,18298,1,LONG,1.0,1.0,99.58111528056548,99.56540710358672,0.00023964903217264615,-0.0001577425291382495,-0.0001577425291382495,0.0005,0.0005,0.001,-0.0011577425291382495,-0.0011577425291382495
W3-D84-T00025,W3,84,05:04:58,18298,05:04:58,18298,05:09:58,18598,1,LONG,1.0,1.0,99.56540710358672,99.57064316257964,0.00015911158231542432,5.258913858985359e-05,5.258913858985359e-05,0.0005,0.0005,0.001,-0.0009474108614101464,-0.0009474108614101464
W3-D84-T00026,W3,84,05:09:58,18598,05:09:58,18598,05:14:58,18898,1,LONG,1.0,1.0,99.57064316257964,99.56888035605202,0.00019359919912252487,-1.7704078949742907e-05,-1.7704078949742907e-05,0.0005,0.0005,0.001,-0.001017704078949743,-0.001017704078949743
W3-D84-T00027,W3,84,05:14:58,18898,05:14:58,18898,05:19:58,19198,1,LONG,1.0,1.0,99.56888035605202,99.56540710358672,0.00012749417165224946,-3.488291173781022e-05,-3.488291173781022e-05,0.0005,0.0005,0.001,-0.0010348829117378102,-0.0010348829117378102
W3-D84-T00028,W3,84,05:19:58,19198,05:19:58,19198,05:24:58,19498,1,LONG,1.0,1.0,99.56540710358672,99.55668033859848,0.00017421513176539642,-8.764856431675572e-05,-8.764856431675572e-05,0.0005,0.0005,0.001,-0.0010876485643167557,-0.0010876485643167557
W3-D84-T00029,W3,84,05:24:58,19498,05:24:58,19498,05:29:58,19798,1,LONG,1.0,1.0,99.55668033859848,99.5325071995811,0.0002059101352087741,-0.00024280780491237053,-0.00024280780491237053,0.0005,0.0005,0.001,-0.0012428078049123705,-0.0012428078049123705
W3-D84-T00030,W3,84,05:29:58,19798,05:29:58,19798,05:34:58,20098,1,LONG,1.0,1.0,99.5325071995811,99.48164761322975,0.00016126443640974753,-0.0005109846801042428,-0.0005109846801042428,0.0005,0.0005,0.001,-0.0015109846801042428,-0.0015109846801042428
W3-D84-T00031,W3,84,05:34:58,20098,05:34:58,20098,05:39:58,20398,1,LONG,1.0,1.0,99.48164761322975,99.52002792564797,0.000258835049470523,0.00038580294294510153,0.00038580294294510153,0.0005,0.0005,0.001,-0.0006141970570548985,-0.0006141970570548985
W3-D84-T00032,W3,84,05:39:58,20398,05:39:58,20398,05:44:58,20698,1,LONG,1.0,1.0,99.52002792564797,99.46243127672572,0.000258835049470523,-0.000578744300245515,-0.000578744300245515,0.0005,0.0005,0.001,-0.001578744300245515,-0.001578744300245515
W3-D84-T00033,W3,84,05:44:58,20698,05:44:58,20698,05:49:58,20998,1,LONG,1.0,1.0,99.46243127672572,99.50781045466444,0.00026996170483802533,0.0004562444066187332,0.0004562444066187332,0.0005,0.0005,0.001,-0.0005437555933812668,-0.0005437555933812668
W3-D84-T00034,W3,84,05:49:58,20998,05:49:58,20998,05:54:58,21298,1,LONG,1.0,1.0,99.50781045466444,99.55668033859848,0.00026996170483802533,0.0004911160612492971,0.0004911160612492971,0.0005,0.0005,0.001,-0.0005088839387507029,-0.0005088839387507029
W3-D84-T00035,W3,84,05:54:58,21298,05:54:58,21298,05:59:58,21598,1,LONG,1.0,1.0,99.55668033859848,99.48512086569508,0.00020829260515978345,-0.0007187812275382122,-0.0007187812275382122,0.0005,0.0005,0.001,-0.0017187812275382122,-0.0017187812275382122
W3-D84-T00036,W3,84,05:59:58,21598,05:59:58,21598,06:04:58,21898,1,LONG,1.0,1.0,99.48512086569508,99.30884021293306,0.00027552869553679893,-0.0017719298245613135,-0.0017719298245613135,0.0005,0.0005,0.001,-0.0027719298245613136,-0.0027719298245613136
W3-D84-T00037,W3,84,06:04:58,21898,06:04:58,21898,06:09:58,22198,1,LONG,1.0,1.0,99.30884021293306,99.41181603979406,0.0006040895818472306,0.001036925077769535,0.001036925077769535,0.0005,0.0005,0.001,3.692507776953489e-05,3.692507776953489e-05
W3-D84-T00038,W3,84,06:09:58,22198,06:09:58,22198,06:14:58,22498,1,LONG,1.0,1.0,99.41181603979406,99.338511213893,0.00031884608246357873,-0.0007373854419048254,-0.0007373854419048254,0.0005,0.0005,0.001,-0.0017373854419048254,-0.0017373854419048254
W3-D84-T00039,W3,84,06:14:58,22498,06:14:58,22498,06:19:58,22798,1,LONG,1.0,1.0,99.338511213893,99.32280303691422,0.0003311684602069633,-0.0001581277672357828,-0.0001581277672357828,0.0005,0.0005,0.001,-0.0011581277672357828,-0.0011581277672357828
W3-D84-T00040,W3,84,06:19:58,22798,06:19:58,22798,06:24:58,23098,1,LONG,1.0,1.0,99.32280303691422,99.2704424469849,0.0003311684602069633,-0.0005271759186040725,-0.0005271759186040725,0.0005,0.0005,0.001,-0.0015271759186040726,-0.0015271759186040726
W3-D85-T00000,W3,85,02:59:58,10798,02:59:58,10798,03:04:58,11098,-1,SHORT,-1.0,1.0,100.01453363190078,99.9935406080441,-4.4711590777535215e-06,0.00020989973251228644,0.00020989973251228644,0.0005,0.0005,0.001,-0.0007901002674877136,-0.0007901002674877136
W3-D85-T00001,W3,85,03:04:58,11098,03:04:58,11098,03:09:58,11398,-1,SHORT,-1.0,1.0,99.9935406080441,100.00861252260788,-4.4711590777535215e-06,-0.00015072888180700517,-0.00015072888180700517,0.0005,0.0005,0.001,-0.0011507288818070052,-0.0011507288818070052
W3-D85-T00002,W3,85,03:09:58,11398,03:09:58,11398,03:14:58,11698,-1,SHORT,-1.0,1.0,100.00861252260788,100.01184221858584,-4.4711590777535215e-06,-3.229417843630955e-05,-3.229417843630955e-05,0.0005,0.0005,0.001,-0.0010322941784363096,-0.0010322941784363096
W3-D85-T00003,W3,85,03:14:58,11698,03:14:58,11698,03:19:58,11998,-1,SHORT,-1.0,1.0,100.01184221858584,100.02799069847558,-4.4711590777535215e-06,-0.00016146567777886034,-0.00016146567777886034,0.0005,0.0005,0.001,-0.0011614656777788604,-0.0011614656777788604
W3-D85-T00004,W3,85,03:19:58,11998,03:19:58,11998,03:24:58,12298,-1,SHORT,-1.0,1.0,100.02799069847558,100.02153130651968,-4.4711590777535215e-06,6.457584432917329e-05,6.457584432917329e-05,0.0005,0.0005,0.001,-0.0009354241556708267,-0.0009354241556708267
W3-D85-T00005,W3,85,03:24:58,12298,03:24:58,12298,03:29:58,12598,-1,SHORT,-1.0,1.0,100.02153130651968,100.00363879080184,-4.4711590777535215e-06,0.00017888664054743764,0.00017888664054743764,0.0005,0.0005,0.001,-0.0008211133594525624,-0.0008211133594525624
W3-D85-T00006,W3,85,03:29:58,12598,03:29:58,12598,03:34:58,12898,-1,SHORT,-1.0,1.0,100.00363879080184,99.9720093015244,-4.4711590777535215e-06,0.0003162833838837864,0.0003162833838837864,0.0005,0.0005,0.001,-0.0006837166161162136,-0.0006837166161162136
W3-D85-T00007,W3,85,03:34:58,12898,03:34:58,12898,03:39:58,13198,-1,SHORT,-1.0,1.0,99.9720093015244,99.95478425630868,-4.4711590777535215e-06,0.0001722986797609849,0.0001722986797609849,0.0005,0.0005,0.001,-0.0008277013202390151,-0.0008277013202390151
W3-D85-T00008,W3,85,03:39:58,13198,03:39:58,13198,03:44:58,13498,-1,SHORT,-1.0,1.0,99.95478425630868,99.97093273619844,-4.4711590777535215e-06,-0.00016155784848015387,-0.00016155784848015387,0.0005,0.0005,0.001,-0.0011615578484801539,-0.0011615578484801539
W3-D85-T00009,W3,85,03:44:58,13498,03:44:58,13498,03:49:58,13798,-1,SHORT,-1.0,1.0,99.97093273619844,99.9537076909827,-8.125863983516896e-06,0.00017230053520844724,0.00017230053520844724,0.0005,0.0005,0.001,-0.0008276994647915528,-0.0008276994647915528
W3-D85-T00010,W3,85,03:49:58,13798,03:49:58,13798,03:54:58,14098,-1,SHORT,-1.0,1.0,99.9537076909827,99.97093273619844,-8.125863983516896e-06,-0.0001723302277989447,-0.0001723302277989447,0.0005,0.0005,0.001,-0.0011723302277989447,-0.0011723302277989447
W3-D85-T00011,W3,85,03:54:58,14098,03:54:58,14098,03:59:58,14398,-1,SHORT,-1.0,1.0,99.97093273619844,99.932176384463,-8.125863983516896e-06,0.0003876762042193116,0.0003876762042193116,0.0005,0.0005,0.001,-0.0006123237957806884,-0.0006123237957806884
W3-D85-T00012,W3,85,03:59:58,14398,03:59:58,14398,04:04:58,14698,-1,SHORT,-1.0,1.0,99.932176384463,99.95478425630868,-8.125863983516896e-06,-0.00022623215728545532,-0.00022623215728545532,0.0005,0.0005,0.001,-0.0012262321572854553,-0.0012262321572854553
W3-D85-T00013,W3,85,04:04:58,14698,04:04:58,14698,04:09:58,14998,-1,SHORT,-1.0,1.0,99.95478425630868,99.96985617087245,-8.125863983516896e-06,-0.00015078732524820282,-0.00015078732524820282,0.0005,0.0005,0.001,-0.0011507873252482028,-0.0011507873252482028
W3-D85-T00014,W3,85,04:09:58,14998,04:09:58,14998,04:14:58,15298,-1,SHORT,-1.0,1.0,99.96985617087245,99.9741624321764,-8.125863983516896e-06,-4.3075597674135935e-05,-4.3075597674135935e-05,0.0005,0.0005,0.001,-0.001043075597674136,-0.001043075597674136
W3-D85-T00015,W3,85,04:14:58,15298,04:14:58,15298,04:19:58,15598,-1,SHORT,-1.0,1.0,99.9741624321764,99.99931099819136,-8.125863983516896e-06,-0.00025155065472071136,-0.00025155065472071136,0.0005,0.0005,0.001,-0.0012515506547207114,-0.0012515506547207114
W3-D85-T00016,W3,85,04:19:58,15598,04:19:58,15598,04:24:58,15898,-1,SHORT,-1.0,1.0,99.99931099819136,100.02153130651968,-8.125863983516896e-06,-0.00022220461427702176,-0.00022220461427702176,0.0005,0.0005,0.001,-0.0012222046142770218,-0.0012222046142770218
W3-D85-T00017,W3,85,04:24:58,15898,04:24:58,15898,04:29:58,16198,-1,SHORT,-1.0,1.0,100.02153130651968,100.27344759279993,-8.125863983516896e-06,-0.0025186205708873644,-0.0025186205708873644,0.0005,0.0005,0.001,-0.0035186205708873644,-0.0035186205708873644
W3-D85-T00018,W3,85,04:29:58,16198,04:29:58,16198,04:34:58,16498,-1,SHORT,-1.0,1.0,100.27344759279993,100.56713461372836,-0.00018986444843543745,-0.002928861308539643,-0.002928861308539643,0.0005,0.0005,0.001,-0.003928861308539643,-0.003928861308539643
W3-D85-T00019,W3,85,04:34:58,16498,04:34:58,16498,04:39:58,16798,-1,SHORT,-1.0,1.0,100.56713461372836,100.57919214537938,-0.0007727525978957467,-0.00011989534848866334,-0.00011989534848866334,0.0005,0.0005,0.001,-0.0011198953484886634,-0.0011198953484886634
W3-D85-T00020,W3,85,04:39:58,16798,04:39:58,16798,04:44:58,17098,1,LONG,1.0,1.0,100.57919214537938,100.58672810266128,5.908784101853725e-06,7.492560957356176e-05,7.492560957356176e-05,0.0005,0.0005,0.001,-0.0009250743904264383,-0.0009250743904264383
W3-D85-T00021,W3,85,04:44:58,17098,04:44:58,17098,04:49:58,17398,-1,SHORT,-1.0,1.0,100.58672810266128,100.6588579795022,-7.714944243110769e-05,-0.0007170913916922927,-0.0007170913916922927,0.0005,0.0005,0.001,-0.0017170913916922928,-0.0017170913916922928
W3-D85-T00022,W3,85,04:49:58,17398,04:49:58,17398,04:54:58,17698,1,LONG,1.0,1.0,100.6588579795022,100.65013780036172,0.00014472838820427932,-8.663101604289292e-05,-8.663101604289292e-05,0.0005,0.0005,0.001,-0.001086631016042893,-0.001086631016042893
W3-D85-T00023,W3,85,04:54:58,17698,04:54:58,17698,04:59:58,17998,1,LONG,1.0,1.0,100.65013780036172,100.6782361553699,0.00013412402671020523,0.0002791685696836854,0.0002791685696836854,0.0005,0.0005,0.001,-0.0007208314303163146,-0.0007208314303163146
W3-D85-T00024,W3,85,04:59:58,17998,04:59:58,17998,05:04:58,18298,1,LONG,1.0,1.0,100.6782361553699,100.8461803462234,0.00013412402671020523,0.0016681280609081028,0.0016681280609081028,0.0005,0.0005,0.001,0.0006681280609081028,0.0006681280609081028
W3-D85-T00025,W3,85,05:04:58,18298,05:04:58,18298,05:09:58,18598,1,LONG,1.0,1.0,100.8461803462234,100.97429162001548,2.8312607713921157e-05,0.0012703631744130917,0.0012703631744130917,0.0005,0.0005,0.001,0.00027036317441309164,0.00027036317441309164
W3-D85-T00026,W3,85,05:09:58,18598,05:09:58,18598,05:14:58,18898,1,LONG,1.0,1.0,100.97429162001548,101.03134958229263,0.0014942501039202879,0.000565074152655276,0.000565074152655276,0.0005,0.0005,0.001,-0.00043492584734472397,-0.00043492584734472397
W3-D85-T00027,W3,85,05:14:58,18898,05:14:58,18898,05:19:58,19198,1,LONG,1.0,1.0,101.03134958229263,101.0077728016536,0.0011618666325385748,-0.00023336103829663113,-0.00023336103829663113,0.0005,0.0005,0.001,-0.0012333610382966312,-0.0012333610382966312
W3-D85-T00028,W3,85,05:19:58,19198,05:19:58,19198,05:24:58,19498,1,LONG,1.0,1.0,101.0077728016536,101.1885281198863,0.0003250985750931382,0.001789518897596487,0.001789518897596487,0.0005,0.0005,0.001,0.0007895188975964871,0.0007895188975964871
W3-D85-T00029,W3,85,05:24:58,19498,05:24:58,19498,05:29:58,19798,1,LONG,1.0,1.0,101.1885281198863,101.16269055206268,0.0004872130806772798,-0.00025534088007483913,-0.00025534088007483913,0.0005,0.0005,0.001,-0.0012553408800748391,-0.0012553408800748391
W3-D85-T00030,W3,85,05:29:58,19798,05:29:58,19798,05:34:58,20098,1,LONG,1.0,1.0,101.16269055206268,101.33817070019808,0.00026146346423834777,0.0017346330665759524,0.0017346330665759524,0.0005,0.0005,0.001,0.0007346330665759524,0.0007346330665759524
W3-D85-T00031,W3,85,05:34:58,20098,05:34:58,20098,05:39:58,20398,1,LONG,1.0,1.0,101.33817070019808,101.11962793902332,0.00024451422466232367,-0.0021565690367679746,-0.0021565690367679746,0.0005,0.0005,0.001,-0.0031565690367679746,-0.0031565690367679746
W3-D85-T00032,W3,85,05:39:58,20398,05:39:58,20398,05:44:58,20698,1,LONG,1.0,1.0,101.11962793902332,101.06364654207216,1.9959876533348972e-05,-0.000553615535303531,-0.000553615535303531,0.0005,0.0005,0.001,-0.001553615535303531,-0.001553615535303531
W3-D85-T00033,W3,85,05:44:58,20698,05:44:58,20698,05:49:58,20998,1,LONG,1.0,1.0,101.06364654207216,101.03780897424856,6.348542703998202e-05,-0.0002556563978012294,-0.0002556563978012294,0.0005,0.0005,0.001,-0.0012556563978012294,-0.0012556563978012294
W3-D85-T00034,W3,85,05:49:58,20998,05:49:58,20998,05:54:58,21298,-1,SHORT,-1.0,1.0,101.03780897424856,100.8203427783998,-0.0002626135559060333,0.0021523249371350195,0.0021523249371350195,0.0005,0.0005,0.001,0.0011523249371350195,0.0011523249371350195
W3-D85-T00035,W3,85,05:54:58,21298,05:54:58,21298,05:59:58,21598,1,LONG,1.0,1.0,100.8203427783998,100.93122900697614,0.0003153034127876514,0.0010998398291508504,0.0010998398291508504,0.0005,0.0005,0.001,9.983982915085041e-05,9.983982915085041e-05
W3-D85-T00036,W3,85,05:59:58,21598,05:59:58,21598,06:04:58,21898,1,LONG,1.0,1.0,100.93122900697614,101.0485746275084,0.00021579449316372107,0.0011626294625239897,0.0011626294625239897,0.0005,0.0005,0.001,0.00016262946252398967,0.00016262946252398967
W3-D85-T00037,W3,85,06:04:58,21898,06:04:58,21898,06:09:58,22198,1,LONG,1.0,1.0,101.0485746275084,101.14546550684696,0.00018894962607744395,0.0009588544885044126,0.0009588544885044126,0.0005,0.0005,0.001,-4.114551149558745e-05,-4.114551149558745e-05
W3-D85-T00038,W3,85,06:09:58,22198,06:09:58,22198,06:14:58,22498,1,LONG,1.0,1.0,101.14546550684696,101.14977176815088,0.0004646365420047453,4.2574931879979516e-05,4.2574931879979516e-05,0.0005,0.0005,0.001,-0.0009574250681200205,-0.0009574250681200205
W3-D85-T00039,W3,85,06:14:58,22498,06:14:58,22498,06:19:58,22798,1,LONG,1.0,1.0,101.14977176815088,101.08410128326588,0.00047483480633435247,-0.000649240069819701,-0.000649240069819701,0.0005,0.0005,0.001,-0.001649240069819701,-0.001649240069819701
W3-D85-T00040,W3,85,06:19:58,22798,06:19:58,22798,06:24:58,23098,1,LONG,1.0,1.0,101.08410128326588,101.15300146412883,0.00018582969058692072,0.0006816124394268819,0.0006816124394268819,0.0005,0.0005,0.001,-0.00031838756057311814,-0.00031838756057311814
